cluster,image,ra,dec,redshift,pixscale
Cluster0001,cluster000.jpg,3.17611983,-32.97124401,0.25818,0.262
Cluster0002,cluster001.jpg,6.51619192,-32.611162982,0.4356,0.262
Cluster0003,cluster002.jpg,15.12962757,-26.567987237,0.60142,0.262
Cluster0004,cluster003.jpg,14.23889556,-27.674855143,0.55811,0.262
Cluster0005,cluster004.jpg,16.86144704,-25.476408556,0.4159,0.262
Cluster0006,cluster005.jpg,27.38345056,-17.449091407,0.47039,0.262
Cluster0007,cluster006.jpg,29.70894022,-15.67963553,0.52946,0.262
Cluster0008,cluster007.jpg,33.60699677,-13.140791558,0.45636,0.262
Cluster0009,cluster008.jpg,44.25782818,-4.59729528,0.33215,0.262
Cluster0010,cluster009.jpg,309.81751927,-42.780314956,0.46399,0.262
Cluster0011,cluster010.jpg,337.49548708,-40.486018372,0.38789,0.262
Cluster0012,cluster011.jpg,349.81190771,-40.062211196,0.46236,0.262
Cluster0013,cluster012.jpg,0.0698711,-39.599437566,0.36021,0.262
Cluster0014,cluster013.jpg,3.74100767,-40.603574645,0.51807,0.262
Cluster0015,cluster014.jpg,3.89199421,-51.776783377,0.42493,0.262
Cluster0016,cluster015.jpg,1.07025133,-54.565595514,0.5311,0.262
Cluster0017,cluster016.jpg,2.69108128,-54.841615034,0.52128,0.262
Cluster0018,cluster017.jpg,1.66741585,-60.485299072,0.36564,0.262
Cluster0019,cluster018.jpg,6.78263713,-39.729708979,0.46303,0.262
Cluster0020,cluster019.jpg,5.37853226,-39.929264596,0.47458,0.262
Cluster0021,cluster020.jpg,6.61600043,-39.273644599,0.59478,0.262
Cluster0022,cluster021.jpg,4.94283653,-44.907040006,0.20611,0.262
Cluster0023,cluster022.jpg,8.33399782,-55.150241554,0.31409,0.262
Cluster0024,cluster023.jpg,7.01197987,-53.179264999,0.53838,0.262
Cluster0025,cluster024.jpg,6.57794601,-58.918072505,0.5767,0.262
Cluster0026,cluster025.jpg,10.4563654,-64.744013081,0.42087,0.262
Cluster0027,cluster026.jpg,13.48272579,-32.118222953,0.3208,0.262
Cluster0028,cluster027.jpg,13.60676852,-36.19305936,0.32237,0.262
Cluster0029,cluster028.jpg,14.38802654,-35.474587772,0.22337,0.262
Cluster0030,cluster029.jpg,13.58351545,-40.771841306,0.40433,0.262
Cluster0031,cluster030.jpg,14.51836683,-42.079772381,0.51314,0.262
Cluster0032,cluster031.jpg,15.31236049,-28.534578114,0.217,0.262
Cluster0033,cluster032.jpg,15.00797169,-61.975205948,0.45186,0.262
Cluster0034,cluster033.jpg,19.21993264,-43.257133354,0.39646,0.262
Cluster0035,cluster034.jpg,15.96937893,-42.578681644,0.28154,0.262
Cluster0036,cluster035.jpg,20.55515302,-43.778098597,0.48614,0.262
Cluster0037,cluster036.jpg,19.36943567,-55.856654564,0.24096,0.262
Cluster0038,cluster037.jpg,19.48062752,-55.766586027,0.51594,0.262
Cluster0039,cluster038.jpg,22.22930561,-61.403298733,0.33455,0.262
Cluster0040,cluster039.jpg,17.58394902,-59.369863611,0.34657,0.262
Cluster0041,cluster040.jpg,22.73906684,-27.119930601,0.22199,0.262
Cluster0042,cluster041.jpg,21.34699205,-28.724977345,0.56197,0.262
Cluster0043,cluster042.jpg,22.14025181,-29.091952557,0.28667,0.262
Cluster0044,cluster043.jpg,21.36584508,-34.254980168,0.4884,0.262
Cluster0045,cluster044.jpg,21.16137992,-44.987818334,0.31317,0.262
Cluster0046,cluster045.jpg,22.51748672,-36.258776609,0.55677,0.262
Cluster0047,cluster046.jpg,24.54688719,-48.229523824,0.41246,0.262
Cluster0048,cluster047.jpg,21.80555899,-48.788467083,0.30054,0.262
Cluster0049,cluster048.jpg,26.23876421,-50.303999232,0.21157,0.262
Cluster0050,cluster049.jpg,25.62838164,-50.43355862,0.27253,0.262
Cluster0051,cluster050.jpg,26.21841155,-31.139855285,0.33715,0.262
Cluster0052,cluster051.jpg,28.15089167,-32.012737425,0.54766,0.262
Cluster0053,cluster052.jpg,27.28142461,-20.072916033,0.42745,0.262
Cluster0054,cluster053.jpg,28.30960353,-21.653103404,0.31402,0.262
Cluster0055,cluster054.jpg,26.26543566,-44.437484538,0.56283,0.262
Cluster0056,cluster055.jpg,31.17044445,-62.209375953,0.31277,0.262
Cluster0057,cluster056.jpg,28.73566182,-30.882366702,0.39679,0.262
Cluster0058,cluster057.jpg,30.08068411,-21.583118856,0.33437,0.262
Cluster0059,cluster058.jpg,29.09665336,-21.912545665,0.48253,0.262
Cluster0060,cluster059.jpg,28.68776941,-19.54373699,0.51292,0.262
Cluster0061,cluster060.jpg,30.16004603,-52.288955741,0.39157,0.262
Cluster0062,cluster061.jpg,32.0851868,-44.72789367,0.43657,0.262
Cluster0063,cluster062.jpg,32.16916026,-60.996899144,0.35661,0.262
Cluster0064,cluster063.jpg,28.67028853,-58.684454276,0.5522,0.262
Cluster0065,cluster064.jpg,30.56010514,-26.060932405,0.54655,0.262
Cluster0066,cluster065.jpg,31.50811628,-18.141681673,0.40984,0.262
Cluster0067,cluster066.jpg,32.48038991,-30.430826942,0.2686,0.262
Cluster0068,cluster067.jpg,34.68476404,-23.436404023,0.62669,0.262
Cluster0069,cluster068.jpg,34.14940912,-24.386361574,0.44889,0.262
Cluster0070,cluster069.jpg,31.7705369,-33.439830507,0.44755,0.262
Cluster0071,cluster070.jpg,34.50378475,-32.498224095,0.27559,0.262
Cluster0072,cluster071.jpg,32.10106784,-43.063870308,0.66287,0.262
Cluster0073,cluster072.jpg,31.93636744,-41.695706449,0.39395,0.262
Cluster0074,cluster073.jpg,36.5985949,-57.703910876,0.23217,0.262
Cluster0075,cluster074.jpg,35.10971305,-14.419222343,0.55846,0.262
Cluster0076,cluster075.jpg,35.85755361,-27.881757707,0.43852,0.262
Cluster0077,cluster076.jpg,34.57657191,-26.769428137,0.35277,0.262
Cluster0078,cluster077.jpg,36.3480926,-36.558701576,0.45187,0.262
Cluster0079,cluster078.jpg,35.5254021,-37.186151252,0.29172,0.262
Cluster0080,cluster079.jpg,35.77377806,-43.946544925,0.2737,0.262
Cluster0081,cluster080.jpg,33.17797496,-45.093800112,0.41054,0.262
Cluster0082,cluster081.jpg,33.95736417,-49.520064821,0.2178,0.262
Cluster0083,cluster082.jpg,33.1144768,-62.646658891,0.24465,0.262
Cluster0084,cluster083.jpg,36.56600116,-37.974366947,0.30764,0.262
Cluster0085,cluster084.jpg,35.73199992,-24.28933167,0.52494,0.262
Cluster0086,cluster085.jpg,37.37679704,-24.629246141,0.41816,0.262
Cluster0087,cluster086.jpg,35.70810072,-31.698640209,0.46751,0.262
Cluster0088,cluster087.jpg,35.69108723,-33.320370731,0.60011,0.262
Cluster0089,cluster088.jpg,35.60124852,-47.640693896,0.58609,0.262
Cluster0090,cluster089.jpg,35.5411992,-52.856024679,0.34863,0.262
Cluster0091,cluster090.jpg,38.0751997,-59.297044459,0.41412,0.262
Cluster0092,cluster091.jpg,35.1639446,-60.790313346,0.38505,0.262
Cluster0093,cluster092.jpg,34.6472743,-59.433153075,0.27487,0.262
Cluster0094,cluster093.jpg,39.52776837,-60.889363525,0.62861,0.262
Cluster0095,cluster094.jpg,37.78158341,-65.024436456,0.59977,0.262
Cluster0096,cluster095.jpg,35.97598252,-65.106950568,0.49198,0.262
Cluster0097,cluster096.jpg,39.53287925,-30.40989555,0.51213,0.262
Cluster0098,cluster097.jpg,39.87671731,-46.310781488,0.68294,0.262
Cluster0099,cluster098.jpg,38.66470225,-50.19215626,0.54147,0.262
Cluster0100,cluster099.jpg,37.77986672,-50.072452008,0.63267,0.262
Cluster0101,cluster100.jpg,39.55089442,-21.626046026,0.45536,0.262
Cluster0102,cluster101.jpg,38.27033358,-38.298458942,0.48966,0.262
Cluster0103,cluster102.jpg,39.09858167,-40.403229138,0.53576,0.262
Cluster0104,cluster103.jpg,38.04300858,-57.768020207,0.55552,0.262
Cluster0105,cluster104.jpg,40.31640691,-62.905856691,0.38132,0.262
Cluster0106,cluster105.jpg,40.57306983,-16.411140841,0.60088,0.262
Cluster0107,cluster106.jpg,42.95871798,-26.829883476,0.35017,0.262
Cluster0108,cluster107.jpg,40.5349738,-41.835292609,0.67916,0.262
Cluster0109,cluster108.jpg,40.2464709,-43.449414401,0.36792,0.262
Cluster0110,cluster109.jpg,42.94984143,-53.913690047,0.55074,0.262
Cluster0111,cluster110.jpg,43.15525425,-54.64773685,0.52725,0.262
Cluster0112,cluster111.jpg,43.84964235,-55.005633571,0.34322,0.262
Cluster0113,cluster112.jpg,41.86611726,-45.071403709,0.51728,0.262
Cluster0114,cluster113.jpg,43.56376368,-44.359509991,0.32809,0.262
Cluster0115,cluster114.jpg,45.1463304,-11.578163702,0.415,0.262
Cluster0116,cluster115.jpg,43.30736431,-24.969735359,0.5569,0.262
Cluster0117,cluster116.jpg,43.73728254,-23.904821467,0.34828,0.262
Cluster0118,cluster117.jpg,44.65952058,-38.98112187,0.44295,0.262
Cluster0119,cluster118.jpg,45.96142826,-36.596700397,0.22048,0.262
Cluster0120,cluster119.jpg,45.50973298,-40.970771163,0.18022,0.262
Cluster0121,cluster120.jpg,46.12584167,-41.639449077,0.23995,0.262
Cluster0122,cluster121.jpg,46.53146987,-58.312742193,0.66094,0.262
Cluster0123,cluster122.jpg,46.91298183,-20.774359556,0.51591,0.262
Cluster0124,cluster123.jpg,46.61819378,-29.699896372,0.39078,0.262
Cluster0125,cluster124.jpg,46.08497156,-29.165925563,0.31569,0.262
Cluster0126,cluster125.jpg,44.28618998,-47.031381191,0.2719,0.262
Cluster0127,cluster126.jpg,45.71654421,-38.582886816,0.39425,0.262
Cluster0128,cluster127.jpg,47.01739377,-62.662494745,0.49099,0.262
Cluster0129,cluster128.jpg,48.50041022,-33.80155758,0.42958,0.262
Cluster0130,cluster129.jpg,49.2499505,-33.652347349,0.49402,0.262
Cluster0131,cluster130.jpg,48.76201325,-34.371646778,0.50153,0.262
Cluster0132,cluster131.jpg,47.16026228,-33.198118672,0.51132,0.262
Cluster0133,cluster132.jpg,46.6499161,-44.111712998,0.52194,0.262
Cluster0134,cluster133.jpg,47.7026626,-43.933799387,0.7028,0.262
Cluster0135,cluster134.jpg,50.68343065,-35.353496509,0.2251,0.262
Cluster0136,cluster135.jpg,50.2958962,-35.610956247,0.57543,0.262
Cluster0137,cluster136.jpg,50.70594532,-36.289677979,0.62701,0.262
Cluster0138,cluster137.jpg,51.26366946,-40.873241222,0.3311,0.262
Cluster0139,cluster138.jpg,49.56629768,-23.54651997,0.58491,0.262
Cluster0140,cluster139.jpg,49.65343534,-29.103654228,0.57852,0.262
Cluster0141,cluster140.jpg,50.2707299,-28.806414869,0.24238,0.262
Cluster0142,cluster141.jpg,49.88240113,-55.874662348,0.08359,0.262
Cluster0143,cluster142.jpg,50.84950889,-56.54615531,0.6274,0.262
Cluster0144,cluster143.jpg,50.22648558,-15.198800615,0.53638,0.262
Cluster0145,cluster144.jpg,51.99960069,-13.882322215,0.56838,0.262
Cluster0146,cluster145.jpg,50.35498615,-40.226740021,0.46919,0.262
Cluster0147,cluster146.jpg,51.76273068,-19.248867324,0.59966,0.262
Cluster0148,cluster147.jpg,49.79508061,-46.183691141,0.54506,0.262
Cluster0149,cluster148.jpg,50.16284916,-45.912647665,0.36989,0.262
Cluster0150,cluster149.jpg,52.16446921,-64.790712218,0.38186,0.262
Cluster0151,cluster150.jpg,53.62526985,-13.186431449,0.38762,0.262
Cluster0152,cluster151.jpg,51.16043388,-20.183419048,0.37146,0.262
Cluster0153,cluster152.jpg,53.56594961,-19.764755553,0.48807,0.262
Cluster0154,cluster153.jpg,53.77481887,-34.544638399,0.22802,0.262
Cluster0155,cluster154.jpg,52.15869,-40.851810016,0.38283,0.262
Cluster0156,cluster155.jpg,53.58545941,-14.903700647,0.57425,0.262
Cluster0157,cluster156.jpg,54.77128943,-58.505280656,0.30333,0.262
Cluster0158,cluster157.jpg,54.39629008,-26.895748741,0.23248,0.262
Cluster0159,cluster158.jpg,54.8518427,-33.218778936,0.27158,0.262
Cluster0160,cluster159.jpg,53.79564862,-39.49776001,0.54084,0.262
Cluster0161,cluster160.jpg,55.64620128,-56.21937256,0.38884,0.262
Cluster0162,cluster161.jpg,57.42306432,-58.270268945,0.63332,0.262
Cluster0163,cluster162.jpg,56.38143274,-58.31507841,0.67256,0.262
Cluster0164,cluster163.jpg,55.19534358,-24.677313617,0.46335,0.262
Cluster0165,cluster164.jpg,58.43419839,-40.67706768,0.38991,0.262
Cluster0166,cluster165.jpg,57.90090497,-16.897066452,0.37776,0.262
Cluster0167,cluster166.jpg,57.12802574,-28.382729266,0.65183,0.262
Cluster0168,cluster167.jpg,57.29723888,-33.018453197,0.52599,0.262
Cluster0169,cluster168.jpg,57.85411837,-49.570613795,0.62587,0.262
Cluster0170,cluster169.jpg,60.35615543,-47.900622763,0.42533,0.262
Cluster0171,cluster170.jpg,61.52968068,-31.381912827,0.47062,0.262
Cluster0172,cluster171.jpg,60.18921223,-31.164698978,0.17288,0.262
Cluster0173,cluster172.jpg,60.62880505,-30.540878081,0.68211,0.262
Cluster0174,cluster173.jpg,58.48480148,-56.913345276,0.67573,0.262
Cluster0175,cluster174.jpg,61.12885438,-26.729403476,0.17319,0.262
Cluster0176,cluster175.jpg,63.22008535,-27.917097056,0.40721,0.262
Cluster0177,cluster176.jpg,60.43690761,-51.694728647,0.3182,0.262
Cluster0178,cluster177.jpg,61.21299932,-53.413530333,0.31068,0.262
Cluster0179,cluster178.jpg,62.06751043,-24.20018231,0.41156,0.262
Cluster0180,cluster179.jpg,61.81079004,-29.716479761,0.31298,0.262
Cluster0181,cluster180.jpg,62.62545244,-39.894865047,0.67523,0.262
Cluster0182,cluster181.jpg,64.17438188,-49.364124354,0.32337,0.262
Cluster0183,cluster182.jpg,60.96392539,-46.923271004,0.28161,0.262
Cluster0184,cluster183.jpg,65.30037673,-22.112928562,0.5361,0.262
Cluster0185,cluster184.jpg,63.39525179,-27.967173566,0.29861,0.262
Cluster0186,cluster185.jpg,66.16390651,-33.296083285,0.55761,0.262
Cluster0187,cluster186.jpg,64.51922282,-33.060119955,0.37212,0.262
Cluster0188,cluster187.jpg,65.25034506,-42.773649332,0.18221,0.262
Cluster0189,cluster188.jpg,64.85004109,-38.544991716,0.34448,0.262
Cluster0190,cluster189.jpg,64.50214745,-40.159449032,0.60924,0.262
Cluster0191,cluster190.jpg,67.09463667,-37.916148208,0.44215,0.262
Cluster0192,cluster191.jpg,65.8315454,-55.993594317,0.44705,0.262
Cluster0193,cluster192.jpg,66.81300912,-55.907196378,0.26887,0.262
Cluster0194,cluster193.jpg,67.81913236,-31.464092995,0.4723,0.262
Cluster0195,cluster194.jpg,67.0844472,-37.203671857,0.42017,0.262
Cluster0196,cluster195.jpg,66.92796748,-46.794100162,0.21717,0.262
Cluster0197,cluster196.jpg,65.60957634,-51.675200805,0.56687,0.262
Cluster0198,cluster197.jpg,68.47271058,-51.615027371,0.61833,0.262
Cluster0199,cluster198.jpg,65.61427084,-50.417143967,0.25692,0.262
Cluster0200,cluster199.jpg,64.18703334,-55.419376311,0.375,0.262
Cluster0201,cluster200.jpg,66.74458276,-55.407533445,0.42826,0.262
Cluster0202,cluster201.jpg,67.62065182,-52.585010921,0.70779,0.262
Cluster0203,cluster202.jpg,66.76652129,-26.845418458,0.26813,0.262
Cluster0204,cluster203.jpg,71.03152028,-23.265431345,0.23383,0.262
Cluster0205,cluster204.jpg,70.58817931,-39.307946669,0.63881,0.262
Cluster0206,cluster205.jpg,70.91327836,-25.519895833,0.29938,0.262
Cluster0207,cluster206.jpg,72.14991715,-27.719934242,0.47119,0.262
Cluster0208,cluster207.jpg,70.67332664,-44.840288703,0.40596,0.262
Cluster0209,cluster208.jpg,73.12906059,-44.436240718,0.26784,0.262
Cluster0210,cluster209.jpg,73.18276937,-48.976427273,0.23562,0.262
Cluster0211,cluster210.jpg,69.84331958,-50.982896763,0.54718,0.262
Cluster0212,cluster211.jpg,69.91581448,-54.723829724,0.39247,0.262
Cluster0213,cluster212.jpg,72.84736089,-41.58758713,0.3076,0.262
Cluster0214,cluster213.jpg,72.0879311,-18.761860737,0.37729,0.262
Cluster0215,cluster214.jpg,73.52675497,-39.244838333,0.52237,0.262
Cluster0216,cluster215.jpg,73.99498537,-37.933037634,0.39915,0.262
Cluster0217,cluster216.jpg,76.48685603,-28.430070551,0.13052,0.262
Cluster0218,cluster217.jpg,74.23374449,-27.266491192,0.56477,0.262
Cluster0219,cluster218.jpg,73.51753048,-26.666422898,0.53488,0.262
Cluster0220,cluster219.jpg,73.42825347,-37.395522011,0.6342,0.262
Cluster0221,cluster220.jpg,74.68071767,-25.431563236,0.59939,0.262
Cluster0222,cluster221.jpg,76.11618931,-23.804213179,0.44302,0.262
Cluster0223,cluster222.jpg,75.70531057,-33.294897793,0.51081,0.262
Cluster0224,cluster223.jpg,77.51296378,-47.62147418,0.29832,0.262
Cluster0225,cluster224.jpg,75.61454439,-51.62355702,0.61105,0.262
Cluster0226,cluster225.jpg,76.99177132,-30.813567091,0.42844,0.262
Cluster0227,cluster226.jpg,78.696164,-30.108950176,0.2855,0.262
Cluster0228,cluster227.jpg,76.62819191,-41.538394442,0.47302,0.262
Cluster0229,cluster228.jpg,77.96668826,-41.882685946,0.0815,0.262
Cluster0230,cluster229.jpg,77.51388844,-55.584250265,0.3721,0.262
Cluster0231,cluster230.jpg,79.10254725,-55.615777726,0.55213,0.262
Cluster0232,cluster231.jpg,77.23486972,-39.586643715,0.3033,0.262
Cluster0233,cluster232.jpg,82.16891657,-20.285929947,0.54368,0.262
Cluster0234,cluster233.jpg,79.73250899,-43.25063694,0.49605,0.262
Cluster0235,cluster234.jpg,81.7518298,-18.966560876,0.45165,0.262
Cluster0236,cluster235.jpg,83.47581329,-18.314464116,0.30243,0.262
Cluster0237,cluster236.jpg,84.20921587,-21.83283143,0.35574,0.262
Cluster0238,cluster237.jpg,84.87128393,-20.059173994,0.26813,0.262
Cluster0239,cluster238.jpg,85.01885184,-25.807537986,0.46693,0.262
Cluster0240,cluster239.jpg,85.46107071,-36.728066759,0.32626,0.262
Cluster0241,cluster240.jpg,84.20657343,-39.652858168,0.27584,0.262
Cluster0242,cluster241.jpg,82.97175644,-46.852313057,0.68869,0.262
Cluster0243,cluster242.jpg,86.88670676,-23.672535466,0.50265,0.262
Cluster0244,cluster243.jpg,87.57400046,-53.766957071,0.53089,0.262
Cluster0245,cluster244.jpg,86.63897738,-29.799258055,0.69928,0.262
Cluster0246,cluster245.jpg,87.06496769,-20.780327201,0.2651,0.262
Cluster0247,cluster246.jpg,89.09858986,-26.79321441,0.26834,0.262
Cluster0248,cluster247.jpg,87.17337406,-40.363717493,0.34598,0.262
Cluster0249,cluster248.jpg,87.7760885,-38.564058276,0.50585,0.262
Cluster0250,cluster249.jpg,87.2386674,-40.939713004,0.52853,0.262
Cluster0251,cluster250.jpg,86.9711684,-47.567902007,0.34881,0.262
Cluster0252,cluster251.jpg,88.86991183,-50.476666582,0.43097,0.262
Cluster0253,cluster252.jpg,92.98795634,-55.236161025,0.57019,0.262
Cluster0254,cluster253.jpg,89.75551363,-54.783018729,0.70493,0.262
Cluster0255,cluster254.jpg,92.64793281,-36.911553067,0.1796,0.262
Cluster0256,cluster255.jpg,93.16418093,-41.567002976,0.38547,0.262
Cluster0257,cluster256.jpg,92.92114125,-47.414979661,0.44002,0.262
Cluster0258,cluster257.jpg,94.97784946,-47.948492519,0.51769,0.262
Cluster0259,cluster258.jpg,93.35094799,-48.473703949,0.61102,0.262
Cluster0260,cluster259.jpg,91.90030487,-32.095092082,0.14711,0.262
Cluster0261,cluster260.jpg,92.68146742,-52.085631846,0.41042,0.262
Cluster0262,cluster261.jpg,96.5861822,-57.164564456,0.48188,0.262
Cluster0263,cluster262.jpg,308.73508893,-43.802381112,0.40157,0.262
Cluster0264,cluster263.jpg,309.44825146,-54.840101535,0.32615,0.262
Cluster0265,cluster264.jpg,308.29642508,-55.402676046,0.28182,0.262
Cluster0266,cluster265.jpg,309.38091387,-49.467747882,0.3073,0.262
Cluster0267,cluster266.jpg,308.39227107,-46.664345203,0.45536,0.262
Cluster0268,cluster267.jpg,312.066186,-47.456315294,0.4794,0.262
Cluster0269,cluster268.jpg,308.88970881,-57.705633962,0.59653,0.262
Cluster0270,cluster269.jpg,311.22587596,-54.934233086,0.22137,0.262
Cluster0271,cluster270.jpg,316.37331664,-56.959535124,0.24497,0.262
Cluster0272,cluster271.jpg,317.10769673,-61.520700662,0.50049,0.262
Cluster0273,cluster272.jpg,322.98150283,-65.097698923,0.40863,0.262
Cluster0274,cluster273.jpg,324.0449063,-59.6370013,0.51559,0.262
Cluster0275,cluster274.jpg,325.29361377,-45.465521278,0.16575,0.262
Cluster0276,cluster275.jpg,322.44989712,-63.627972352,0.49517,0.262
Cluster0277,cluster276.jpg,327.22891483,-58.076929406,0.22614,0.262
Cluster0278,cluster277.jpg,326.96757719,-47.105909966,0.29994,0.262
Cluster0279,cluster278.jpg,329.41260361,-45.158304366,0.46633,0.262
Cluster0280,cluster279.jpg,328.5107469,-60.736016393,0.50222,0.262
Cluster0281,cluster280.jpg,326.74898475,-60.351335075,0.40131,0.262
Cluster0282,cluster281.jpg,331.9918917,-50.935974231,0.37763,0.262
Cluster0283,cluster282.jpg,329.47381083,-57.007897624,0.46904,0.262
Cluster0284,cluster283.jpg,331.65114143,-58.131407008,0.59923,0.262
Cluster0285,cluster284.jpg,333.61166918,-62.314971766,0.3777,0.262
Cluster0286,cluster285.jpg,329.57344797,-62.34609488,0.61969,0.262
Cluster0287,cluster286.jpg,334.23400063,-45.355113816,0.12099,0.262
Cluster0288,cluster287.jpg,334.37921822,-44.941710041,0.56867,0.262
Cluster0289,cluster288.jpg,336.35028701,-60.298438207,0.52171,0.262
Cluster0290,cluster289.jpg,332.72667619,-51.396334773,0.38527,0.262
Cluster0291,cluster290.jpg,338.76968639,-57.667081714,0.45912,0.262
Cluster0292,cluster291.jpg,340.38635052,-63.580571935,0.43397,0.262
Cluster0293,cluster292.jpg,340.17623629,-59.13355415,0.55895,0.262
Cluster0294,cluster293.jpg,340.51662291,-44.58665083,0.701,0.262
Cluster0295,cluster294.jpg,341.45857724,-52.906187426,0.44894,0.262
Cluster0296,cluster295.jpg,341.41114765,-62.035136341,0.47648,0.262
Cluster0297,cluster296.jpg,345.10892439,-42.973425595,0.41638,0.262
Cluster0298,cluster297.jpg,345.10218237,-45.01465273,0.58467,0.262
Cluster0299,cluster298.jpg,347.05182243,-57.704236102,0.30793,0.262
Cluster0300,cluster299.jpg,349.816699,-53.533543696,0.09579,0.262
Cluster0301,cluster300.jpg,346.8080912,-54.667441162,0.70412,0.262
Cluster0302,cluster301.jpg,350.5619518,-42.236352218,0.38373,0.262
Cluster0303,cluster302.jpg,350.90968727,-41.043014381,0.36569,0.262
Cluster0304,cluster303.jpg,350.05556661,-41.514644207,0.65529,0.262
Cluster0305,cluster304.jpg,350.41338705,-57.680139007,0.42142,0.262
Cluster0306,cluster305.jpg,355.18075471,-46.35346273,0.3805,0.262
Cluster0307,cluster306.jpg,353.47833369,-65.024611024,0.57158,0.262
Cluster0308,cluster307.jpg,354.50174042,-65.140742668,0.23548,0.262
Cluster0309,cluster308.jpg,358.81675927,-38.423906476,0.67197,0.262
Cluster0310,cluster309.jpg,356.18305252,-42.720940124,0.59752,0.262
Cluster0311,cluster310.jpg,357.90041707,-49.913067999,0.19995,0.262
